Id,WofBest,NseBest,CccBest,WilmotBest,Efficiency,Global_WaterBalance,Global_WaterBalance_NormPr,ΔT_Average,∑∑ΔSink,∑ΔQ_Bot,SwcRoots,iNonConverge,ΔRunTimeHypix
1.0,0.0,0.8822787512690866,0.9352175576160586,0.9062867270844512,71.0,-1.7299588911612318e-5,1.3222185066548298e-6,5371.0,0.0,1245.3606303669633,2.120559059981383,2.0,10.078
