Id,WofBest,NseBest,CccBest,WilmotBest,Efficiency,Global_WaterBalance,Global_WaterBalance_NormPr,ΔT_Average,∑∑ΔSink,∑ΔQ_Bot,SwcRoots,iNonConverge,ΔRunTimeHypix
1.0,0.0,0.4208901068644567,0.7962504747038758,0.6416726202458717,43.0,2.488189797134055e-5,4.794953883181097e-6,3600.0,0.0,484.9628142721612,1.688496832807807,0.0,9.884
