Id,H[kPa],Kunsat[mm_s]
1,10,0.007517701
1,40,0.001163454
1,70,0.000200472
1,100,0.000125295
2,10,0.014173999
2,40,0.002550649
2,70,0.000476121
2,100,0.000238061
3,10,0.02161339
3,40,0.005888866
3,70,0.00075177
3,100,0.000203604
