Id,WofBest,NseBest,CccBest,WilmotBest,Efficiency,Global_WaterBalance,Global_WaterBalance_NormPr,ΔT_Average,∑∑ΔSink,∑ΔQ_Bot,SwcRoots,iNonConverge,ΔRunTimeHypix
1.0,9.04364556e-316,0.9692419912328561,0.9665015502596841,0.9374561184666087,226.0,-1.134216859099979e-6,4.7356937231587613e-7,5159.0,0.0,1.0368131851649025e-8,2.7118994820892732,0.0,37.24
