Id,WofBest,NseBest,CccBest,WilmotBest,Efficiency,Global_WaterBalance,Global_WaterBalance_NormPr,ΔT_Average,∑∑ΔSink,∑ΔQ_Bot,SwcRoots,iNonConverge,ΔRunTimeHypix
1.0,9.0435001e-316,-114.0490969995649,5.783742502173557e-7,-0.3434125580428411,707.0,-2.756060399516232,107.70541193119429,5012.0,0.0,0.00046295088230897507,0.9791830592380844,80.0,38.217
