Id,WofBest,NseBest,CccBest,WilmotBest,∑∑ΔSink,∑ΔQ_Bot,SwcRoots,Global_WaterBalance,Global_WaterBalance_NormPr,ΔT_Average,iNonConverge,Efficiency,ΔRunTimeHypix
1.0,0.0,0.9375847144038694,0.9622857319828468,0.9270776023517406,0.0,1220.7216038699378,2.342769610080525,-2.3918683780266292e-5,1.8491551084661417e-6,5372.0,1.0,64.0,20.026
