Id,Thetas,Thetar,Ks,Sigma,Hm,ThetasMat,SigmaMac,HmMac,Nse,Nse_ThetaH,Nse_Kunsat
2,0.45890623366,0.16210516498741995,0.04267288713464276,2.3022917464093715,2456.3010404071806,0.45890623366,2.3022917464093715,2456.3010404071806,0.9770690816672317,0.9744136561601424,0.979724507174321
3,0.52662971872,0.14593331872136703,0.019544876841624394,2.856694026006681,14999.999999923957,0.52662971872,2.856694026006681,14999.999999923957,0.9880815887906939,0.9868541625236363,0.9893090150577514
4,0.53010272014,0.14582648292032196,0.12384748655774992,2.2849248493414827,1753.0749980647793,0.53010272014,2.2849248493414827,1753.0749980647793,0.9683483957181236,0.9612922032519142,0.975404588184333
5,0.48964213732,0.1514299599958065,0.01934070690404223,2.0161530936467265,1858.7884415312633,0.48964213732,2.0161530936467265,1858.7884415312633,0.9029501264653527,0.8513655908095896,0.9545346621211157
6,0.5202509046,0.1342286099092165,0.6999999999206118,2.942547544040438,4389.712427592341,0.5202509046,2.942547544040438,4389.712427592341,0.9673328044810567,0.9884652390253259,0.9462003699367877
