Id,Thetas,Thetar,Ks,Sigma,Hm,ThetasMat,SigmaMac,HmMac,Nse,Nse_ThetaH,Nse_Kunsat
2,0.45890623366,0.16210516494803553,0.04267292838955085,2.3022908868440024,2456.286313888985,0.45890623365999994,2.3022908868440024,2456.286313888985,0.977069081661847,0.9744136965538025,0.9797244667698914
3,0.52662971872,0.14593341945988395,0.01954497842042531,2.856695426596115,14999.999998344174,0.52662971872,2.856695426596115,14999.999998344174,0.9880815887892025,0.9868541070840433,0.9893090704943618
4,0.53010272014,0.14582648298155879,0.12384740297708516,2.2849252544544907,1753.0791212978952,0.53010272014,2.2849252544544907,1753.0791212978952,0.9683483957259611,0.9612921807411605,0.9754046107107618
5,0.48964213732,0.15142995998243347,0.019340963309366514,2.0161593830460465,1858.8019448415191,0.48964213732,2.0161593830460465,1858.8019448415191,0.9029501264533846,0.8513663896326303,0.9545338632741388
6,0.5202509046,0.13422773579282354,0.6999999998280515,2.942545489849879,4389.67676573898,0.5202509046,2.942545489849879,4389.67676573898,0.9673328044714887,0.9884650968889669,0.9462005120540105
