Id,Thetas,Thetar,Ks,Sigma,Hm,ThetasMat,SigmaMac,HmMac,Of,Of_ThetaH,Of_Kunsat
1,0.4562945905,0.16916776,0.11999999999999997,2.458614201309582,800.0000000000003,0.4562945905,2.458614201309582,800.0000000000003,0.3163262858575406,0.6268807989600166,0.005771772755064525
3,0.46218262356,0.236380166,0.11999999999999997,2.191496688584213,800.0000000000003,0.46218262356,2.191496688584213,800.0000000000003,0.3480152097167874,0.6810496468291742,0.014980772604400606
