Id,Thetas,Thetar,Ks,Sigma,Hm,ThetasMat,SigmaMac,HmMac,Of,Of_ThetaH,Of_Kunsat
1,0.4562945905,0.16916776,0.1199999999999999,2.4586142039016354,800.0000000000003,0.4562945905,2.4586142039016354,800.0000000000003,0.31632628585754063,0.6268807984307662,0.005771773284315145
3,0.46218262356,0.236380166,0.11999999999999995,2.1914966867724397,800.0000000000003,0.46218262356,2.1914966867724397,800.0000000000003,0.3480152097167875,0.681049647115499,0.01498077231807608
