Id,Thetas,Thetar,Ks,Sigma,Hm,ThetasMat,SigmaMac,HmMac,Of,Of_ThetaH,Of_Kunsat
1,0.4562945905,0.16916776,0.11999999999999991,2.4586142019188455,800.0000000000003,0.4562945905,2.4586142019188455,800.0000000000003,0.31632628585754047,0.6268807988356159,0.005771772879465108
3,0.46218262356,0.236380166,0.1199999999999999,2.191496691748435,800.0000000000003,0.46218262356,2.191496691748435,800.0000000000003,0.3480152097167875,0.6810496463291147,0.014980773104460362
