Id,Thetas,Thetar,Ks,Sigma,Hm,ThetasMat,SigmaMac,HmMac,Of,Of_ThetaH,Of_Kunsat
1,0.4562945905,0.16916776,0.11999999999999998,2.4586142015817414,800.0000000000003,0.4562945905,2.4586142015817414,800.0000000000003,0.3163262858575405,0.6268807989044466,0.005771772810634505
3,0.46218262356,0.236380166,0.11999999999999994,2.1914966875764947,800.0000000000003,0.46218262356,2.1914966875764947,800.0000000000003,0.34801520971678757,0.6810496469884298,0.01498077244514533
